question_id,k,strategy,simulated_answer,reasoning,confidence,gold_answer,raw_output
89,1,Strategy A,B,"I'm thinking about where water stays wet the longest. If I spill water on a hot street or on a sunny day, it disappears really quickly. If it's next to a window, the sun usually hits it and it dries up. But in a basement, it's usually dark and feels kind of damp and chilly, so if you spill something there, it just seems to sit there for a long time without going away.",0.8,B,"```json
{
  ""answer"": ""B"",
  ""reasoning"": ""I'm thinking about where water stays wet the longest. If I spill water on a hot street or on a sunny day, it disappears really quickly. If it's next to a window, the sun usually hits it and it dries up. But in a basement, it's usually dark and feels kind of damp and chilly, so if you spill something there, it just seems to sit there for a long time without going away."",
  ""confidence"": 0.8
}
```"
89,1,Strategy B,B,"Okay, the question is asking where water evaporates 'less,' which means I need to find the place where water stays wet for the longest time. Let's look at the options. Option A is a 'hot street' and Option C is a 'sunny day.' I know from experience that when it's hot or sunny, puddles dry up really quickly, so water evaporates *more* in those places. That leaves B and D. Option D is 'next to a window.' Windows let in sunlight and sometimes there's a breeze, which usually helps things dry out. Option B is 'in a basement.' I know that basements are usually dark, cool, and often feel damp or musty. Since it's not hot or sunny in a basement, the water shouldn't dry up as fast as it would on a street or in the sun. Therefore, the basement is the place where water would evaporate the least.",0.9,B,"```json
{
  ""answer"": ""B"",
  ""reasoning"": ""Okay, the question is asking where water evaporates 'less,' which means I need to find the place where water stays wet for the longest time. Let's look at the options. Option A is a 'hot street' and Option C is a 'sunny day.' I know from experience that when it's hot or sunny, puddles dry up really quickly, so water evaporates *more* in those places. That leaves B and D. Option D is 'next to a window.' Windows let in sunlight and sometimes there's a breeze, which usually helps things dry out. Option B is 'in a basement.' I know that basements are usually dark, cool, and often feel damp or musty. Since it's not hot or sunny in a basement, the water shouldn't dry up as fast as it would on a street or in the sun. Therefore, the basement is the place where water would evaporate the least."",
  ""confidence"": 0.9
}
```"
89,2,Strategy A,B,"I'm thinking about where water stays wet the longest. If you spill water on a hot street or on a sunny day, it disappears almost immediately. Next to a window, it's usually bright and might be warm, so it would probably dry out. But basements are usually dark, cold, and feel kind of damp, so it seems like water would just sit there and take a long time to go away.",0.8,B,"```json
{
  ""answer"": ""B"",
  ""reasoning"": ""I'm thinking about where water stays wet the longest. If you spill water on a hot street or on a sunny day, it disappears almost immediately. Next to a window, it's usually bright and might be warm, so it would probably dry out. But basements are usually dark, cold, and feel kind of damp, so it seems like water would just sit there and take a long time to go away."",
  ""confidence"": 0.8
}
```"
89,2,Strategy B,B,"I need to figure out where water evaporates the least, which means I'm looking for the place where water stays liquid the longest. First, I'll look at the options. A hot street (A) and a sunny day (C) both involve heat and sunlight. From my experience, puddles on the road disappear quickly when it's hot, and clothes dry fast in the sun, so water evaporates a lot in those conditions. That leaves me with a basement (B) and next to a window (D). A window often lets in sunlight or a breeze, which usually helps things dry out. A basement, on the other hand, is typically cold, dark, and often feels 'damp' or 'musty.' Since it lacks the heat of the sun or the open air of a street, it seems like the most likely place where water would just sit there and not evaporate quickly.",0.7,B,"```json
{
  ""answer"": ""B"",
  ""reasoning"": ""I need to figure out where water evaporates the least, which means I'm looking for the place where water stays liquid the longest. First, I'll look at the options. A hot street (A) and a sunny day (C) both involve heat and sunlight. From my experience, puddles on the road disappear quickly when it's hot, and clothes dry fast in the sun, so water evaporates a lot in those conditions. That leaves me with a basement (B) and next to a window (D). A window often lets in sunlight or a breeze, which usually helps things dry out. A basement, on the other hand, is typically cold, dark, and often feels 'damp' or 'musty.' Since it lacks the heat of the sun or the open air of a street, it seems like the most likely place where water would just sit there and not evaporate quickly."",
  ""confidence"": 0.7
}
```"
89,3,Strategy A,B,"I'm thinking about where water would stay wet for the longest time. A hot street and a sunny day both seem like places where water would disappear really quickly because it's so hot. Being next to a window also usually means there is light or a breeze. But basements are usually cold, dark, and feel kind of damp, so if I spilled water there, it would probably just sit there and take a long time to dry up.",0.8,B,"```json
{
  ""answer"": ""B"",
  ""reasoning"": ""I'm thinking about where water would stay wet for the longest time. A hot street and a sunny day both seem like places where water would disappear really quickly because it's so hot. Being next to a window also usually means there is light or a breeze. But basements are usually cold, dark, and feel kind of damp, so if I spilled water there, it would probably just sit there and take a long time to dry up."",
  ""confidence"": 0.8
}
```"
89,3,Strategy B,B,"First, I look at the word 'evaporates.' I think that means when water dries up or disappears into the air. The question asks where water evaporates 'less,' so I need to find the place where water stays wet for the longest time. I'll look at the options: A (hot street) and C (sunny day) both involve a lot of heat. I know from experience that things dry up really fast when it's hot or sunny, so those can't be the answer. Option D (next to a window) often has sunlight and a breeze, which also seems like it would make water dry faster than in a closed room. Option B is a basement. Basements are usually dark, cool, and often feel damp or 'musty.' Since it's the opposite of a hot, sunny environment, it makes sense that water would stay there longer and dry up the slowest.",0.8,B,"```json
{
  ""answer"": ""B"",
  ""reasoning"": ""First, I look at the word 'evaporates.' I think that means when water dries up or disappears into the air. The question asks where water evaporates 'less,' so I need to find the place where water stays wet for the longest time. I'll look at the options: A (hot street) and C (sunny day) both involve a lot of heat. I know from experience that things dry up really fast when it's hot or sunny, so those can't be the answer. Option D (next to a window) often has sunlight and a breeze, which also seems like it would make water dry faster than in a closed room. Option B is a basement. Basements are usually dark, cool, and often feel damp or 'musty.' Since it's the opposite of a hot, sunny environment, it makes sense that water would stay there longer and dry up the slowest."",
  ""confidence"": 0.8
}
```"
12-611,1,Strategy A,D,"I'm not entirely sure what 'magnification' means, but the word sounds like 'magnificent' or 'magnitude,' which usually describe things that are big or important. If you do something to a small thing to make it 'big,' it would probably make it easier for me to see it.",0.6,D,"```json
{
  ""answer"": ""D"",
  ""reasoning"": ""I'm not entirely sure what 'magnification' means, but the word sounds like 'magnificent' or 'magnitude,' which usually describe things that are big or important. If you do something to a small thing to make it 'big,' it would probably make it easier for me to see it."",
  ""confidence"": 0.6
}
```"
12-611,1,Strategy B,D,"I see the word 'Magnification'. I don't remember learning exactly what that means in science class, but it sounds like the word 'magnificent' or 'magnitude', which usually refer to things that are big or great. The sentence says 'Magnification makes a small thing...', so it's asking what happens to a small object when it is magnified. Let's look at the choices. A ('stuck on metal') doesn't make any sense. B ('hard to see') doesn't seem right because if you're doing something to a small thing, you're probably trying to help see it, not make it harder. C ('really very tiny') would mean it's making it smaller, but 'magnify' sounds like it means making something bigger. D ('more easily seen') makes the most sense because if you make a small thing bigger, you can see it better. Even though I don't know how it works or what tools are used, the word 'magnify' feels like it's about increasing size.",0.8,D,"```json
{
  ""answer"": ""D"",
  ""reasoning"": ""I see the word 'Magnification'. I don't remember learning exactly what that means in science class, but it sounds like the word 'magnificent' or 'magnitude', which usually refer to things that are big or great. The sentence says 'Magnification makes a small thing...', so it's asking what happens to a small object when it is magnified. Let's look at the choices. A ('stuck on metal') doesn't make any sense. B ('hard to see') doesn't seem right because if you're doing something to a small thing, you're probably trying to help see it, not make it harder. C ('really very tiny') would mean it's making it smaller, but 'magnify' sounds like it means making something bigger. D ('more easily seen') makes the most sense because if you make a small thing bigger, you can see it better. Even though I don't know how it works or what tools are used, the word 'magnify' feels like it's about increasing size."",
  ""confidence"": 0.8
}
```"
12-611,2,Strategy A,D,"I'm not entirely sure what 'magnification' means, but the word sounds like 'magnificent' or 'magnitude,' which usually describe things that are big or great. If you do something to a small thing to make it 'big,' it would probably be easier to see than it was before.",0.6,D,"```json
{
  ""answer"": ""D"",
  ""reasoning"": ""I'm not entirely sure what 'magnification' means, but the word sounds like 'magnificent' or 'magnitude,' which usually describe things that are big or great. If you do something to a small thing to make it 'big,' it would probably be easier to see than it was before."",
  ""confidence"": 0.6
}
```"
12-611,2,Strategy B,D,"I'm looking at the word 'magnification'. I don't know the scientific definition of it, but the prefix 'magni-' reminds me of words like 'magnitude' or 'magnificent', which usually have to do with things being large or great. The sentence says 'Magnification makes a small thing...', so it's describing what happens to something small when this process is applied. Let's look at the options. Choice A ('stuck on metal') doesn't make any sense. Choice B ('hard to see') doesn't seem right because if you're doing something to a small thing, you're probably trying to help, not make it harder to see. Choice C ('really very tiny') would mean magnification makes things smaller, but 'magni-' usually means big. Choice D ('more easily seen') makes the most sense logically; if you have a small thing that is hard to see, and you apply 'magnification' to it, it probably makes it easier to see.",0.7,D,"```json
{
  ""answer"": ""D"",
  ""reasoning"": ""I'm looking at the word 'magnification'. I don't know the scientific definition of it, but the prefix 'magni-' reminds me of words like 'magnitude' or 'magnificent', which usually have to do with things being large or great. The sentence says 'Magnification makes a small thing...', so it's describing what happens to something small when this process is applied. Let's look at the options. Choice A ('stuck on metal') doesn't make any sense. Choice B ('hard to see') doesn't seem right because if you're doing something to a small thing, you're probably trying to help, not make it harder to see. Choice C ('really very tiny') would mean magnification makes things smaller, but 'magni-' usually means big. Choice D ('more easily seen') makes the most sense logically; if you have a small thing that is hard to see, and you apply 'magnification' to it, it probably makes it easier to see."",
  ""confidence"": 0.7
}
```"
12-611,3,Strategy A,D,"I have never heard the word 'magnification' before, so I have to guess based on the options provided. Option A ('stuck on metal') doesn't seem to relate to a 'small thing' in any obvious way. Option B ('hard to see') and Option C ('really very tiny') don't make much sense because if something is already small, making it even tinier or harder to see wouldn't be a very useful process. Option D ('more easily seen') sounds like the most logical result of doing something to a small object to make it better for a person to look at.",0.6,D,"```json
{
  ""answer"": ""D"",
  ""reasoning"": ""I have never heard the word 'magnification' before, so I have to guess based on the options provided. Option A ('stuck on metal') doesn't seem to relate to a 'small thing' in any obvious way. Option B ('hard to see') and Option C ('really very tiny') don't make much sense because if something is already small, making it even tinier or harder to see wouldn't be a very useful process. Option D ('more easily seen') sounds like the most logical result of doing something to a small object to make it better for a person to look at."",
  ""confidence"": 0.6
}
```"
12-611,3,Strategy B,A,"I see the word 'Magnification'. I don't know what that word means in a science context. I'm looking at the word and the first part is 'Magn-'. That reminds me of the word 'Magnet'. I know that magnets are things that stick to metal. Looking at the choices, Option A says 'stuck on metal'. This seems like a match because 'Magnification' and 'Magnet' start with the same letters. I'll check the other options: 'hard to see' or 'really very tiny' don't seem to relate to the word 'Magnification' as clearly as the 'Magnet' connection does. 'More easily seen' doesn't ring a bell for me because I don't know what the word means. Therefore, the 'Magn-' prefix must be the clue, leading me to magnets and metal.",0.7,D,"```json
{
  ""answer"": ""A"",
  ""reasoning"": ""I see the word 'Magnification'. I don't know what that word means in a science context. I'm looking at the word and the first part is 'Magn-'. That reminds me of the word 'Magnet'. I know that magnets are things that stick to metal. Looking at the choices, Option A says 'stuck on metal'. This seems like a match because 'Magnification' and 'Magnet' start with the same letters. I'll check the other options: 'hard to see' or 'really very tiny' don't seem to relate to the word 'Magnification' as clearly as the 'Magnet' connection does. 'More easily seen' doesn't ring a bell for me because I don't know what the word means. Therefore, the 'Magn-' prefix must be the clue, leading me to magnets and metal."",
  ""confidence"": 0.7
}
```"
10-499,1,Strategy A,B,"The sentence starts by saying that salamanders can't survive in a bad place (hot, dry, no food). Then it uses the word 'but,' which tells me the second part of the sentence will be the opposite of the first part. If the first part is about not surviving in a bad place, the second part should be about doing well in a good place. Looking at the choices, 'flourish' means to do well or grow, which fits perfectly. 'Extinguished' is for fires, 'financed' is for money, and 'crash' is for cars or computers.",0.9,B,"```json
{
  ""answer"": ""B"",
  ""reasoning"": ""The sentence starts by saying that salamanders can't survive in a bad place (hot, dry, no food). Then it uses the word 'but,' which tells me the second part of the sentence will be the opposite of the first part. If the first part is about not surviving in a bad place, the second part should be about doing well in a good place. Looking at the choices, 'flourish' means to do well or grow, which fits perfectly. 'Extinguished' is for fires, 'financed' is for money, and 'crash' is for cars or computers."",
  ""confidence"": 0.9
}
```"
10-499,1,Strategy B,B,"I'm reading the sentence and I see a contrast. The first part says salamanders 'may be unable to survive' in a 'hot, dry location lacking food and water.' This part is clearly negative—the salamander is dying or can't live there. Then the sentence uses the word 'but,' which tells me the second part should be the opposite of the first part. The second part describes a positive situation: 'if it has food and water in an ideal location.' Now I need to find a choice that represents a positive outcome. Choice A, 'extinguished,' sounds like a fire being put out or something disappearing, which is negative. Choice C, 'financed,' is about money, and I don't think salamanders use money, so that's weird. Choice D, 'crash,' usually means a failure or an accident, which is also negative. Choice B, 'flourish,' sounds like growing or doing really well. Since the first half of the sentence was about not surviving, the second half should be about doing well. Even though I don't really understand the biological rules of how animals adapt to their environments, the logic of the sentence points to the positive option.",0.9,B,"```json
{
  ""answer"": ""B"",
  ""reasoning"": ""I'm reading the sentence and I see a contrast. The first part says salamanders 'may be unable to survive' in a 'hot, dry location lacking food and water.' This part is clearly negative—the salamander is dying or can't live there. Then the sentence uses the word 'but,' which tells me the second part should be the opposite of the first part. The second part describes a positive situation: 'if it has food and water in an ideal location.' Now I need to find a choice that represents a positive outcome. Choice A, 'extinguished,' sounds like a fire being put out or something disappearing, which is negative. Choice C, 'financed,' is about money, and I don't think salamanders use money, so that's weird. Choice D, 'crash,' usually means a failure or an accident, which is also negative. Choice B, 'flourish,' sounds like growing or doing really well. Since the first half of the sentence was about not surviving, the second half should be about doing well. Even though I don't really understand the biological rules of how animals adapt to their environments, the logic of the sentence points to the positive option."",
  ""confidence"": 0.9
}
```"
10-499,2,Strategy A,B,"The sentence starts by describing a bad situation where the salamander cannot survive. Then it uses the word 'but,' which suggests that the second part of the sentence will describe a opposite, better situation. It mentions an 'ideal location,' and since 'ideal' means the best possible, the outcome should be positive. Looking at the choices, 'extinguished' and 'crash' are negative, and 'financed' is about money, which doesn't make sense for an animal. 'Flourish' means to do very well, which fits the idea of being in an ideal place.",0.9,B,"```json
{
  ""answer"": ""B"",
  ""reasoning"": ""The sentence starts by describing a bad situation where the salamander cannot survive. Then it uses the word 'but,' which suggests that the second part of the sentence will describe a opposite, better situation. It mentions an 'ideal location,' and since 'ideal' means the best possible, the outcome should be positive. Looking at the choices, 'extinguished' and 'crash' are negative, and 'financed' is about money, which doesn't make sense for an animal. 'Flourish' means to do very well, which fits the idea of being in an ideal place."",
  ""confidence"": 0.9
}
```"
10-499,2,Strategy B,B,"I'm reading the sentence and I see it's set up as a contrast. The first part says salamanders 'may be unable to survive' in a 'hot, dry location lacking food and water.' I don't really know why food and water are necessary for a salamander's biology, but the sentence describes this as a negative situation where they can't survive. Then it says 'but,' which tells me the next part will be the opposite. It describes a positive situation: 'if it has food and water in an ideal location.' Now I need to find a word that is the opposite of 'unable to survive.' Looking at the choices: 'extinguished' sounds like a fire going out or something dying, which is like the first part. 'Financed' is about money, and salamanders don't have bank accounts. 'Crash' sounds like a failure or a car accident, which is also negative. 'Flourish' means to grow or do really well. Since the sentence contrasts a bad place with an 'ideal location,' 'flourish' is the only word that fits the positive side of the contrast.",0.9,B,"```json
{
  ""answer"": ""B"",
  ""reasoning"": ""I'm reading the sentence and I see it's set up as a contrast. The first part says salamanders 'may be unable to survive' in a 'hot, dry location lacking food and water.' I don't really know why food and water are necessary for a salamander's biology, but the sentence describes this as a negative situation where they can't survive. Then it says 'but,' which tells me the next part will be the opposite. It describes a positive situation: 'if it has food and water in an ideal location.' Now I need to find a word that is the opposite of 'unable to survive.' Looking at the choices: 'extinguished' sounds like a fire going out or something dying, which is like the first part. 'Financed' is about money, and salamanders don't have bank accounts. 'Crash' sounds like a failure or a car accident, which is also negative. 'Flourish' means to grow or do really well. Since the sentence contrasts a bad place with an 'ideal location,' 'flourish' is the only word that fits the positive side of the contrast."",
  ""confidence"": 0.9
}
```"
10-499,3,Strategy A,B,"The first part of the sentence says 'unable to survive', which sounds like something bad. Then there is the word 'but', which tells me the next part will be different. It mentions an 'ideal location', and 'ideal' is a word I associate with things being good. Looking at the choices, 'extinguished' sounds like a light going off, 'financed' is about money, and 'crash' is like a car accident. 'Flourish' reminds me of flowers growing, which is a good thing. So, I'll pick the good word.",0.7,B,"```json
{
  ""answer"": ""B"",
  ""reasoning"": ""The first part of the sentence says 'unable to survive', which sounds like something bad. Then there is the word 'but', which tells me the next part will be different. It mentions an 'ideal location', and 'ideal' is a word I associate with things being good. Looking at the choices, 'extinguished' sounds like a light going off, 'financed' is about money, and 'crash' is like a car accident. 'Flourish' reminds me of flowers growing, which is a good thing. So, I'll pick the good word."",
  ""confidence"": 0.7
}
```"
10-499,3,Strategy B,A,"The student begins by reading the first part of the sentence: 'Salamanders may be unable to survive in a hot, dry location lacking food and water.' They recognize the phrase 'unable to survive' as meaning the animal will die or cease to exist. However, because they lack knowledge of Environmental Resource Requirements, they do not understand why 'hot, dry' conditions or a 'lack of food and water' would cause this; these are just descriptive words to them. They then read the second part: 'but if it has food and water in an ideal location.' Because they lack Contextual Logic, they cannot process the word 'but' as a signal to switch from a negative outcome to a positive one. Furthermore, because they lack knowledge of Biological Adaptation and Survival, the phrase 'ideal location' does not trigger any understanding that the salamander would now be safe or healthy. To the student, the second half of the sentence is a collection of words with no logical connection to the first half. They then look at the choices. They see 'extinguished' and associate it with the concept of extinction or something being put out/ended, which matches the 'unable to survive' sentiment from the first part of the sentence. They dismiss 'financed' and 'crash' as unrelated to animals. While they know 'flourish' means to grow, they have no logical reason to switch to a positive outcome because they ignored the 'but' and the significance of the 'ideal location.' Thus, they match the negative start of the sentence with the negative choice.",0.6,B,"```json
{
  ""answer"": ""A"",
  ""reasoning"": ""The student begins by reading the first part of the sentence: 'Salamanders may be unable to survive in a hot, dry location lacking food and water.' They recognize the phrase 'unable to survive' as meaning the animal will die or cease to exist. However, because they lack knowledge of Environmental Resource Requirements, they do not understand why 'hot, dry' conditions or a 'lack of food and water' would cause this; these are just descriptive words to them. They then read the second part: 'but if it has food and water in an ideal location.' Because they lack Contextual Logic, they cannot process the word 'but' as a signal to switch from a negative outcome to a positive one. Furthermore, because they lack knowledge of Biological Adaptation and Survival, the phrase 'ideal location' does not trigger any understanding that the salamander would now be safe or healthy. To the student, the second half of the sentence is a collection of words with no logical connection to the first half. They then look at the choices. They see 'extinguished' and associate it with the concept of extinction or something being put out/ended, which matches the 'unable to survive' sentiment from the first part of the sentence. They dismiss 'financed' and 'crash' as unrelated to animals. While they know 'flourish' means to grow, they have no logical reason to switch to a positive outcome because they ignored the 'but' and the significance of the 'ideal location.' Thus, they match the negative start of the sentence with the negative choice."",
  ""confidence"": 0.6
}
```"
7-697,1,Strategy A,C,"If June is cold and wet in Australia, then June must be a cold time of year. Since weather usually happens in patterns, if it's cold in one part of the world, it's likely that other places are also experiencing their cold season. Colorado is known for having cold winters, so it makes sense that if it's cold in Australia, winter would also be happening in Colorado.",0.7,A,"```json
{
  ""answer"": ""C"",
  ""reasoning"": ""If June is cold and wet in Australia, then June must be a cold time of year. Since weather usually happens in patterns, if it's cold in one part of the world, it's likely that other places are also experiencing their cold season. Colorado is known for having cold winters, so it makes sense that if it's cold in Australia, winter would also be happening in Colorado."",
  ""confidence"": 0.7
}
```"
7-697,1,Strategy B,C,"The student begins by analyzing the premise: 'June is cold and wet in Australia.' They associate 'cold and wet' with the season of winter. Because the student lacks the concept of Hemispheric Seasonal Variation, they do not realize that the Northern and Southern Hemispheres experience opposite seasons. Instead, they rely on the intuitive (but incorrect) assumption that seasons are global events—that when it is winter in one part of the world, it is winter everywhere. Looking at the choices, they see that Choice A (a heat wave in Michigan) contradicts the 'cold' premise. Choice B (raining in Florida) is a possibility but doesn't strongly link to the 'cold' aspect of the premise. Choice D ('everywhere in the world is cold') feels too extreme and absolute. Choice C ('winter would be raging in Colorado') aligns perfectly with their logic: if it is winter in Australia, it must also be winter in Colorado. They conclude that C is the most logical extension of the provided fact.",0.8,A,"```json
{
  ""answer"": ""C"",
  ""reasoning"": ""The student begins by analyzing the premise: 'June is cold and wet in Australia.' They associate 'cold and wet' with the season of winter. Because the student lacks the concept of Hemispheric Seasonal Variation, they do not realize that the Northern and Southern Hemispheres experience opposite seasons. Instead, they rely on the intuitive (but incorrect) assumption that seasons are global events—that when it is winter in one part of the world, it is winter everywhere. Looking at the choices, they see that Choice A (a heat wave in Michigan) contradicts the 'cold' premise. Choice B (raining in Florida) is a possibility but doesn't strongly link to the 'cold' aspect of the premise. Choice D ('everywhere in the world is cold') feels too extreme and absolute. Choice C ('winter would be raging in Colorado') aligns perfectly with their logic: if it is winter in Australia, it must also be winter in Colorado. They conclude that C is the most logical extension of the provided fact."",
  ""confidence"": 0.8
}
```"
7-697,2,Strategy A,C,"The prompt tells me that June is cold and wet in Australia. I don't know anything about how the Earth is tilted or how different parts of the world have different seasons. Because of this, I assume that if it's cold in Australia during June, then June must simply be a cold month for everyone. I know that Colorado is a place that gets very cold and has snowy winters, so if June is a cold month, it makes sense that Colorado would be experiencing winter at the same time.",0.9,A,"```json
{
  ""answer"": ""C"",
  ""reasoning"": ""The prompt tells me that June is cold and wet in Australia. I don't know anything about how the Earth is tilted or how different parts of the world have different seasons. Because of this, I assume that if it's cold in Australia during June, then June must simply be a cold month for everyone. I know that Colorado is a place that gets very cold and has snowy winters, so if June is a cold month, it makes sense that Colorado would be experiencing winter at the same time."",
  ""confidence"": 0.9
}
```"
7-697,2,Strategy B,C,"I start by reading the premise: 'June is cold and wet in Australia.' I associate 'cold and wet' with winter. Now I need to figure out what else would be true at the same time. I don't know anything about the Earth being tilted or the idea that the Northern and Southern hemispheres have opposite seasons. To me, a 'season' is just a time of year that happens globally. If the prompt tells me that June is cold and wet in Australia, I assume that June is simply a 'cold' month for the entire planet. Looking at the choices: A suggests a heat wave in Michigan, which is the opposite of cold, so that doesn't make sense. B mentions rain in Florida, which is possible, but it doesn't specifically connect to the 'cold' part of the premise. C says winter would be raging in Colorado; since Colorado is another place and I believe seasons happen everywhere at once, if it's winter in Australia, it must be winter in Colorado too. D says 'everywhere in the world is cold,' which seems too extreme and unlikely for a science question. Therefore, C is the most logical conclusion based on the idea that June is a winter month.",0.8,A,"```json
{
  ""answer"": ""C"",
  ""reasoning"": ""I start by reading the premise: 'June is cold and wet in Australia.' I associate 'cold and wet' with winter. Now I need to figure out what else would be true at the same time. I don't know anything about the Earth being tilted or the idea that the Northern and Southern hemispheres have opposite seasons. To me, a 'season' is just a time of year that happens globally. If the prompt tells me that June is cold and wet in Australia, I assume that June is simply a 'cold' month for the entire planet. Looking at the choices: A suggests a heat wave in Michigan, which is the opposite of cold, so that doesn't make sense. B mentions rain in Florida, which is possible, but it doesn't specifically connect to the 'cold' part of the premise. C says winter would be raging in Colorado; since Colorado is another place and I believe seasons happen everywhere at once, if it's winter in Australia, it must be winter in Colorado too. D says 'everywhere in the world is cold,' which seems too extreme and unlikely for a science question. Therefore, C is the most logical conclusion based on the idea that June is a winter month."",
  ""confidence"": 0.8
}
```"
7-697,3,Strategy A,C,"The prompt tells me that June is cold and wet in Australia. I don't know anything about how the world is divided or why seasons happen, so I assume that if June is a cold month in one place, it must be a cold month in other places too. Since Colorado is another place, it makes sense that it would also be winter there at the same time.",0.8,A,"```json
{
  ""answer"": ""C"",
  ""reasoning"": ""The prompt tells me that June is cold and wet in Australia. I don't know anything about how the world is divided or why seasons happen, so I assume that if June is a cold month in one place, it must be a cold month in other places too. Since Colorado is another place, it makes sense that it would also be winter there at the same time."",
  ""confidence"": 0.8
}
```"
7-697,3,Strategy B,C,"The student begins by analyzing the premise: 'June is cold and wet in Australia.' Because they lack knowledge of geographic hemispheres and the Earth's axial tilt, they do not understand that the Northern and Southern Hemispheres experience opposite seasons. Consequently, they cannot make the connection that if it is winter in Australia, it must be summer in the Northern Hemisphere (which would make Choice A correct). Instead, they rely on a simple pattern of similarity. They reason that if June is a 'cold and wet' month in one part of the world, it is likely a 'cold and wet' month globally. They look at the choices and see that Choice C ('winter would be raging in Colorado') and Choice D ('everywhere in the world is cold') both align with this 'global cold' theory. They dismiss Choice A because it describes a heat wave, which is the opposite of the premise. They dismiss Choice B because while 'raining' matches 'wet,' 'winter' is a more comprehensive match for 'cold and wet.' Between C and D, they find Choice C more plausible as a specific example of the general trend, whereas Choice D feels too extreme with the word 'everywhere.' Therefore, they conclude that if it's cold in Australia in June, it must also be winter in Colorado.",0.8,A,"```json
{
  ""answer"": ""C"",
  ""reasoning"": ""The student begins by analyzing the premise: 'June is cold and wet in Australia.' Because they lack knowledge of geographic hemispheres and the Earth's axial tilt, they do not understand that the Northern and Southern Hemispheres experience opposite seasons. Consequently, they cannot make the connection that if it is winter in Australia, it must be summer in the Northern Hemisphere (which would make Choice A correct). Instead, they rely on a simple pattern of similarity. They reason that if June is a 'cold and wet' month in one part of the world, it is likely a 'cold and wet' month globally. They look at the choices and see that Choice C ('winter would be raging in Colorado') and Choice D ('everywhere in the world is cold') both align with this 'global cold' theory. They dismiss Choice A because it describes a heat wave, which is the opposite of the premise. They dismiss Choice B because while 'raining' matches 'wet,' 'winter' is a more comprehensive match for 'cold and wet.' Between C and D, they find Choice C more plausible as a specific example of the general trend, whereas Choice D feels too extreme with the word 'everywhere.' Therefore, they conclude that if it's cold in Australia in June, it must also be winter in Colorado."",
  ""confidence"": 0.8
}
```"
8-432,1,Strategy A,C,"I looked at the options and I don't know what a 'cornea' is, so option A doesn't make sense to me. I also don't understand what it means for a pen to 'reflect light'—I just know that you can see things when it's bright. Option D says the person has psychic powers, which sounds impossible. Since I don't understand the first two and the last one is silly, I'll go with 'none of these'.",0.7,A,"```json
{
  ""answer"": ""C"",
  ""reasoning"": ""I looked at the options and I don't know what a 'cornea' is, so option A doesn't make sense to me. I also don't understand what it means for a pen to 'reflect light'—I just know that you can see things when it's bright. Option D says the person has psychic powers, which sounds impossible. Since I don't understand the first two and the last one is silly, I'll go with 'none of these'."",
  ""confidence"": 0.7
}
```"
8-432,1,Strategy B,C,"First, I look at the scenario: a student sees a pen across the room. I need to figure out which of the choices explains how this happened. I'll look at Choice D first; 'psychic powers' isn't a scientific explanation, so I can rule that out immediately. Now I look at Choice B: 'the pen failed to reflect any light.' I'm not entirely sure what 'reflect' means in this context, but 'failed' usually means something didn't happen. If the pen failed to do something necessary for seeing, then I wouldn't have been able to locate it. So B is probably wrong. Now I look at Choice A: 'there was light from pen to cornea.' I know the cornea is part of the eye, and I know you need light to see. However, light comes from things like the sun or a lamp. A pen is just a piece of plastic; it doesn't produce its own light. Therefore, it's impossible for there to be 'light from the pen.' Since A, B, and D all seem incorrect or impossible, the only remaining option is C: none of these.",0.7,A,"```json
{
  ""answer"": ""C"",
  ""reasoning"": ""First, I look at the scenario: a student sees a pen across the room. I need to figure out which of the choices explains how this happened. I'll look at Choice D first; 'psychic powers' isn't a scientific explanation, so I can rule that out immediately. Now I look at Choice B: 'the pen failed to reflect any light.' I'm not entirely sure what 'reflect' means in this context, but 'failed' usually means something didn't happen. If the pen failed to do something necessary for seeing, then I wouldn't have been able to locate it. So B is probably wrong. Now I look at Choice A: 'there was light from pen to cornea.' I know the cornea is part of the eye, and I know you need light to see. However, light comes from things like the sun or a lamp. A pen is just a piece of plastic; it doesn't produce its own light. Therefore, it's impossible for there to be 'light from the pen.' Since A, B, and D all seem incorrect or impossible, the only remaining option is C: none of these."",
  ""confidence"": 0.7
}
```"
8-432,2,Strategy A,C,"I don't know what a 'cornea' is, and pens don't glow or produce their own light, so I don't understand how light could go from a pen to something else. I also don't know what it means for a pen to 'reflect' light. Psychic powers are just something from movies. Since the first two options use words I don't understand or things that don't seem to happen with pens, I think none of these are correct.",0.7,A,"```json
{
 ""answer"": ""C"",
 ""reasoning"": ""I don't know what a 'cornea' is, and pens don't glow or produce their own light, so I don't understand how light could go from a pen to something else. I also don't know what it means for a pen to 'reflect' light. Psychic powers are just something from movies. Since the first two options use words I don't understand or things that don't seem to happen with pens, I think none of these are correct."",
 ""confidence"": 0.7
}
```"
8-432,2,Strategy B,C,"I need to figure out how the student saw the pen. Let's look at the options. Option A says 'there was light from pen to cornea.' I know the cornea is part of the eye, but I also know that pens aren't light sources—they don't glow or emit light like a lamp or a flashlight. Since the pen isn't making light, it's impossible for light to travel 'from' the pen to the eye. So, A must be wrong. Option B says 'the pen failed to reflect any light.' I've heard of reflection, like when I see myself in a mirror, but I don't think a plastic pen is a mirror. Also, the word 'failed' makes it sound like something went wrong, but the student successfully located the pen, so this doesn't seem to explain how it happened. Option D says 'the person has psychic powers,' which isn't a scientific explanation, so I'll ignore that. Since A, B, and D all seem incorrect or impossible based on what I know, the only remaining choice is C, 'none of these.'",0.7,A,"```json
{
  ""answer"": ""C"",
  ""reasoning"": ""I need to figure out how the student saw the pen. Let's look at the options. Option A says 'there was light from pen to cornea.' I know the cornea is part of the eye, but I also know that pens aren't light sources—they don't glow or emit light like a lamp or a flashlight. Since the pen isn't making light, it's impossible for light to travel 'from' the pen to the eye. So, A must be wrong. Option B says 'the pen failed to reflect any light.' I've heard of reflection, like when I see myself in a mirror, but I don't think a plastic pen is a mirror. Also, the word 'failed' makes it sound like something went wrong, but the student successfully located the pen, so this doesn't seem to explain how it happened. Option D says 'the person has psychic powers,' which isn't a scientific explanation, so I'll ignore that. Since A, B, and D all seem incorrect or impossible based on what I know, the only remaining choice is C, 'none of these.'"",
  ""confidence"": 0.7
}
```"
8-432,3,Strategy A,C,"I looked at the options and they don't make much sense to me. I have no idea what a 'cornea' is, so option A is confusing. I also don't know what it means for a pen to 'reflect' light in option B. As for option D, seeing a pen across a room isn't a magic trick or a psychic power; it's just something people do. Since I don't understand the technical words in the other choices, 'none of these' seems like the only answer that fits.",0.8,A,"```json
{
  ""answer"": ""C"",
  ""reasoning"": ""I looked at the options and they don't make much sense to me. I have no idea what a 'cornea' is, so option A is confusing. I also don't know what it means for a pen to 'reflect' light in option B. As for option D, seeing a pen across a room isn't a magic trick or a psychic power; it's just something people do. Since I don't understand the technical words in the other choices, 'none of these' seems like the only answer that fits."",
  ""confidence"": 0.8
}
```"
8-432,3,Strategy B,C,"I'm looking at the question: 'if a student locates their pen on the table across the room, which of these happened?' First, I'll look at Choice A: 'there was light from pen to cornea.' I know the cornea is part of the eye, but I don't understand how light gets from an object to the eye. More importantly, I know that light comes from things like the sun or a lamp. A pen is not a light source; it doesn't glow or emit light. Therefore, it's impossible for there to be 'light from the pen.' Next, I'll look at Choice B: 'the pen failed to reflect any light.' I'm not really sure what 'reflect' means in this context, but the word 'failed' suggests that something didn't happen. If the pen 'failed' to do something necessary for me to see it, then I wouldn't have been able to locate the pen. But the prompt says the student *did* locate the pen, so this choice contradicts the scenario. Choice D says 'the person has psychic powers,' which is obviously not a scientific explanation. Since A is impossible (pens don't emit light), B is contradictory (it says something failed), and D is not science, the only remaining option is C: 'none of these.'",0.8,A,"```json
{
  ""answer"": ""C"",
  ""reasoning"": ""I'm looking at the question: 'if a student locates their pen on the table across the room, which of these happened?' First, I'll look at Choice A: 'there was light from pen to cornea.' I know the cornea is part of the eye, but I don't understand how light gets from an object to the eye. More importantly, I know that light comes from things like the sun or a lamp. A pen is not a light source; it doesn't glow or emit light. Therefore, it's impossible for there to be 'light from the pen.' Next, I'll look at Choice B: 'the pen failed to reflect any light.' I'm not really sure what 'reflect' means in this context, but the word 'failed' suggests that something didn't happen. If the pen 'failed' to do something necessary for me to see it, then I wouldn't have been able to locate the pen. But the prompt says the student *did* locate the pen, so this choice contradicts the scenario. Choice D says 'the person has psychic powers,' which is obviously not a scientific explanation. Since A is impossible (pens don't emit light), B is contradictory (it says something failed), and D is not science, the only remaining option is C: 'none of these.'"",
  ""confidence"": 0.8
}
```"
812,1,Strategy A,C,"I'm not sure about the science of it, but I just think about my normal day. I wake up and go to work in the morning, and I go home in the evening. A break, like for lunch, usually happens in the middle of the day, and that's when it feels the brightest and hottest outside, so it makes sense that the sun would be right there.",0.8,C,"```json
{
  ""answer"": ""C"",
  ""reasoning"": ""I'm not sure about the science of it, but I just think about my normal day. I wake up and go to work in the morning, and I go home in the evening. A break, like for lunch, usually happens in the middle of the day, and that's when it feels the brightest and hottest outside, so it makes sense that the sun would be right there."",
  ""confidence"": 0.8
}
```"
812,1,Strategy B,C,"I'm looking for the time of day when the sun is 'straight above us.' I'll think about my daily routine. When I wake up (Choice A), the sun is usually just rising or it's still very early, so it's low in the sky. When I go to work (Choice B), it's typically morning, and while the sun is higher than when I woke up, it's usually still climbing. When I go home (Choice D), it's evening, and the sun is setting or already gone. That leaves 'took a break' (Choice C). I know that most people take a lunch break in the middle of the day. Since the middle of the day is the halfway point between sunrise and sunset, that's probably when the sun is at its highest point, or 'straight above.'",0.7,C,"```json
{
  ""answer"": ""C"",
  ""reasoning"": ""I'm looking for the time of day when the sun is 'straight above us.' I'll think about my daily routine. When I wake up (Choice A), the sun is usually just rising or it's still very early, so it's low in the sky. When I go to work (Choice B), it's typically morning, and while the sun is higher than when I woke up, it's usually still climbing. When I go home (Choice D), it's evening, and the sun is setting or already gone. That leaves 'took a break' (Choice C). I know that most people take a lunch break in the middle of the day. Since the middle of the day is the halfway point between sunrise and sunset, that's probably when the sun is at its highest point, or 'straight above.'"",
  ""confidence"": 0.7
}
```"
812,2,Strategy A,C,"I'm not sure how the sun works, but I know my daily routine. When I wake up or go to work, it's usually early in the morning. When I go home, it's usually the end of the day. Taking a break, like for lunch, usually happens in the middle of the day, which is when the sun feels the strongest and seems to be right over my head.",0.8,C,"```json
{
  ""answer"": ""C"",
  ""reasoning"": ""I'm not sure how the sun works, but I know my daily routine. When I wake up or go to work, it's usually early in the morning. When I go home, it's usually the end of the day. Taking a break, like for lunch, usually happens in the middle of the day, which is when the sun feels the strongest and seems to be right over my head."",
  ""confidence"": 0.8
}
```"
812,2,Strategy B,C,"I'm looking at the phrase 'the sun was straight above us.' I don't actually know how the sun moves across the sky or what the specific term for the sun being overhead is. However, I can look at the activities listed in the choices to see which one happens during the brightest part of the day. Waking up (A) and going to work (B) usually happen in the early morning when the sun is just starting to come up. Going home (D) usually happens in the evening when the sun is going down. Taking a break (C), like a lunch break, usually happens in the middle of the day. Since the middle of the day is the peak of the daylight hours, it seems most likely that the sun would be at its highest point, or 'straight above,' during that time.",0.6,C,"```json
{
  ""answer"": ""C"",
  ""reasoning"": ""I'm looking at the phrase 'the sun was straight above us.' I don't actually know how the sun moves across the sky or what the specific term for the sun being overhead is. However, I can look at the activities listed in the choices to see which one happens during the brightest part of the day. Waking up (A) and going to work (B) usually happen in the early morning when the sun is just starting to come up. Going home (D) usually happens in the evening when the sun is going down. Taking a break (C), like a lunch break, usually happens in the middle of the day. Since the middle of the day is the peak of the daylight hours, it seems most likely that the sun would be at its highest point, or 'straight above,' during that time."",
  ""confidence"": 0.6
}
```"
812,3,Strategy A,C,"I don't really understand how the sun moves or why it would be in different places. However, 'straight above' sounds like it is in the center. When I look at the choices, waking up, going to work, and going home all seem like things that happen at the beginning or the end of a routine. Taking a break is something that happens in the middle of doing things. Since 'straight above' feels like a middle position, I think it matches taking a break.",0.5,C,"```json
{
  ""answer"": ""C"",
  ""reasoning"": ""I don't really understand how the sun moves or why it would be in different places. However, 'straight above' sounds like it is in the center. When I look at the choices, waking up, going to work, and going home all seem like things that happen at the beginning or the end of a routine. Taking a break is something that happens in the middle of doing things. Since 'straight above' feels like a middle position, I think it matches taking a break."",
  ""confidence"": 0.5
}
```"
812,3,Strategy B,C,"I see the phrase 'straight above us' and I know that means the sun is at the highest point in the sky. However, I don't actually know how the sun moves throughout the day or what time it usually reaches that point. I have to look at the options and think about a normal day. Waking up (A) and going to work (B) both happen at the beginning of the day. Going home (D) happens at the end of the day. Taking a break (C) usually happens somewhere in the middle of the day. Since 'straight above' sounds like a middle or peak position, I'll assume the middle activity of the day is when the sun is in the middle of the sky.",0.5,C,"```json
{
  ""answer"": ""C"",
  ""reasoning"": ""I see the phrase 'straight above us' and I know that means the sun is at the highest point in the sky. However, I don't actually know how the sun moves throughout the day or what time it usually reaches that point. I have to look at the options and think about a normal day. Waking up (A) and going to work (B) both happen at the beginning of the day. Going home (D) happens at the end of the day. Taking a break (C) usually happens somewhere in the middle of the day. Since 'straight above' sounds like a middle or peak position, I'll assume the middle activity of the day is when the sun is in the middle of the sky."",
  ""confidence"": 0.5
}
```"
12-107,1,Strategy A,C,"I'm thinking about what it's like to move things. If you're pushing a car on a flat street, it's already hard, but if you try to push it up a hill, it feels like it would be way more difficult because you're fighting against the slope. Steering the wheel or hitting the brakes doesn't seem like it would be harder just because there's a hill; in fact, braking might even be easier since the hill helps slow the car down.",0.9,C,"```json
{
  ""answer"": ""C"",
  ""reasoning"": ""I'm thinking about what it's like to move things. If you're pushing a car on a flat street, it's already hard, but if you try to push it up a hill, it feels like it would be way more difficult because you're fighting against the slope. Steering the wheel or hitting the brakes doesn't seem like it would be harder just because there's a hill; in fact, braking might even be easier since the hill helps slow the car down."",
  ""confidence"": 0.9
}
```"
12-107,1,Strategy B,C,"I need to figure out what becomes harder as a car approaches a hill. Let's look at the options. First, steering (A). I don't think the steering wheel gets harder to turn just because the road is slanted; the mechanism is the same. Second, parking (B). Parking might be a bit more annoying on a hill, but it's not physically 'harder' to put the car in a spot. Third, braking (D). If a car is going up a hill, gravity is actually pulling it back, which means it should slow down on its own. So, braking would actually be easier, not harder. That leaves pushing (C). I know from my own life that it's much harder to walk up a hill than to walk on flat ground, and if I had to push a heavy object up a ramp, it would feel much heavier than pushing it across a flat floor. Even though I don't know the exact physics of how the angle of the hill changes the force I have to use, it just makes sense that pushing something upward is the most difficult task here.",0.9,C,"```json
{
  ""answer"": ""C"",
  ""reasoning"": ""I need to figure out what becomes harder as a car approaches a hill. Let's look at the options. First, steering (A). I don't think the steering wheel gets harder to turn just because the road is slanted; the mechanism is the same. Second, parking (B). Parking might be a bit more annoying on a hill, but it's not physically 'harder' to put the car in a spot. Third, braking (D). If a car is going up a hill, gravity is actually pulling it back, which means it should slow down on its own. So, braking would actually be easier, not harder. That leaves pushing (C). I know from my own life that it's much harder to walk up a hill than to walk on flat ground, and if I had to push a heavy object up a ramp, it would feel much heavier than pushing it across a flat floor. Even though I don't know the exact physics of how the angle of the hill changes the force I have to use, it just makes sense that pushing something upward is the most difficult task here."",
  ""confidence"": 0.9
}
```"
12-107,2,Strategy A,C,"I'm thinking about what happens when you're dealing with a hill. If you have to move a car, pushing it up a slope just feels like it would be a lot more work than pushing it on a flat street. Steering the wheel or hitting the brakes doesn't seem like it would get harder just because there's a hill coming up. Parking is just about finding a spot. So, pushing seems like the most likely thing that would be difficult.",0.8,C,"```json
{
  ""answer"": ""C"",
  ""reasoning"": ""I'm thinking about what happens when you're dealing with a hill. If you have to move a car, pushing it up a slope just feels like it would be a lot more work than pushing it on a flat street. Steering the wheel or hitting the brakes doesn't seem like it would get harder just because there's a hill coming up. Parking is just about finding a spot. So, pushing seems like the most likely thing that would be difficult."",
  ""confidence"": 0.8
}
```"
12-107,2,Strategy B,B,"I'll start by looking at the question: 'As the car approaches a hill it will become harder to...' I need to figure out which of the four actions becomes more difficult. First, I'll consider 'steer' (A). I can't imagine why a hill would make the steering wheel harder to turn; the wheels still turn the same way regardless of the slope. Next, I'll look at 'park' (B). I know from real life that parking on a hill is a lot more difficult than parking on a flat street because the car wants to roll away, and you have to deal with the handbrake and turning the wheels toward the curb. That seems like a good candidate. Then there's 'push' (C). Pushing a car is always hard work, but I don't see why the hill itself would change the act of pushing; you're still just applying force to the back of the car to move it forward. I don't think the hill adds any extra difficulty to the physical act of pushing. Finally, 'brake' (D). Braking is just pressing a pedal down with your foot. The pedal doesn't become physically harder to press just because you are on a hill. Comparing these, parking is the only one that feels significantly more 'difficult' or 'harder' due to the slant of the hill.",0.7,C,"```json
{
  ""answer"": ""B"",
  ""reasoning"": ""I'll start by looking at the question: 'As the car approaches a hill it will become harder to...' I need to figure out which of the four actions becomes more difficult. First, I'll consider 'steer' (A). I can't imagine why a hill would make the steering wheel harder to turn; the wheels still turn the same way regardless of the slope. Next, I'll look at 'park' (B). I know from real life that parking on a hill is a lot more difficult than parking on a flat street because the car wants to roll away, and you have to deal with the handbrake and turning the wheels toward the curb. That seems like a good candidate. Then there's 'push' (C). Pushing a car is always hard work, but I don't see why the hill itself would change the act of pushing; you're still just applying force to the back of the car to move it forward. I don't think the hill adds any extra difficulty to the physical act of pushing. Finally, 'brake' (D). Braking is just pressing a pedal down with your foot. The pedal doesn't become physically harder to press just because you are on a hill. Comparing these, parking is the only one that feels significantly more 'difficult' or 'harder' due to the slant of the hill."",
  ""confidence"": 0.7
}
```"
12-107,3,Strategy A,C,"I'm just thinking about what happens in real life. If you are pushing a car on a flat road, it's already hard, but if the road starts going up a hill, you have to put in a lot more effort to keep it moving forward. Steering the wheel or hitting the brakes doesn't really feel like it would get harder just because the road is slanted.",0.8,C,"```json
{
 ""answer"": ""C"",
 ""reasoning"": ""I'm just thinking about what happens in real life. If you are pushing a car on a flat road, it's already hard, but if the road starts going up a hill, you have to put in a lot more effort to keep it moving forward. Steering the wheel or hitting the brakes doesn't really feel like it would get harder just because the road is slanted."",
 ""confidence"": 0.8
}
```"
12-107,3,Strategy B,A,"I'm reading the question: 'As the car approaches a hill it will become harder to...' I need to figure out which of the four options is affected by the car going toward or up a hill. First, I look at 'push' (Choice C). I don't see why pushing would be different on a hill; pushing is just pushing, and I don't know anything about slopes making an object harder to move or adding resistance. Then I look at 'park' (Choice B). Parking is just stopping the car in a spot, and I don't see why the presence of a hill would make the act of parking itself more difficult. Next, I look at 'brake' (Choice D). Braking is just pressing a pedal to slow down, and the pedal doesn't change just because the road does. Finally, I look at 'steer' (Choice A). Steering is about controlling the car's direction on the road. A hill means the road is no longer flat, which changes the angle of the car. If the car is tilted or the road is curving upward, the car's balance will be different than it is on a flat road. Because the balance is off, it seems like it would be harder to keep the car going straight or to turn it accurately. Therefore, the change in the road's shape makes steering the most likely thing to become harder.",0.7,C,"```json
{
  ""answer"": ""A"",
  ""reasoning"": ""I'm reading the question: 'As the car approaches a hill it will become harder to...' I need to figure out which of the four options is affected by the car going toward or up a hill. First, I look at 'push' (Choice C). I don't see why pushing would be different on a hill; pushing is just pushing, and I don't know anything about slopes making an object harder to move or adding resistance. Then I look at 'park' (Choice B). Parking is just stopping the car in a spot, and I don't see why the presence of a hill would make the act of parking itself more difficult. Next, I look at 'brake' (Choice D). Braking is just pressing a pedal to slow down, and the pedal doesn't change just because the road does. Finally, I look at 'steer' (Choice A). Steering is about controlling the car's direction on the road. A hill means the road is no longer flat, which changes the angle of the car. If the car is tilted or the road is curving upward, the car's balance will be different than it is on a flat road. Because the balance is off, it seems like it would be harder to keep the car going straight or to turn it accurately. Therefore, the change in the road's shape makes steering the most likely thing to become harder."",
  ""confidence"": 0.7
}
```"
14-614,1,Strategy A,A,"I'm not really sure how climate change works, but I know that hurricanes, tsunamis, and wildfires are all scary natural disasters that cause a lot of damage and hurt people. Earth Day, on the other hand, is a day when people try to be nice to the planet, like by picking up trash or planting trees. Since the other three options are bad things that destroy stuff, Earth Day is the only one that sounds like it's trying to help.",0.8,A,"```json
{
 ""answer"": ""A"",
 ""reasoning"": ""I'm not really sure how climate change works, but I know that hurricanes, tsunamis, and wildfires are all scary natural disasters that cause a lot of damage and hurt people. Earth Day, on the other hand, is a day when people try to be nice to the planet, like by picking up trash or planting trees. Since the other three options are bad things that destroy stuff, Earth Day is the only one that sounds like it's trying to help."",
 ""confidence"": 0.8
}
```"
14-614,1,Strategy B,A,"First, I'll look at the question: 'Which would likely lessen the impact of climate change the most?' I know climate change is generally bad for the planet. Now I'll look at the options. Choice B (hurricanes), Choice C (tsunamis), and Choice D (wildfires) are all natural disasters. I know that these things cause a lot of damage and destruction, so it doesn't make sense that a disaster would 'lessen' the impact of another problem like climate change. In fact, I've heard that climate change might even make hurricanes worse. That leaves Choice A: Earth Day. I know Earth Day is when people do things to help the environment, like planting trees or picking up litter. Since that's the only option that involves people trying to do something positive for the Earth, it must be the correct answer, even though I don't know the specific scientific way that celebrating a day helps stop the climate from changing.",0.8,A,"```json
{
  ""answer"": ""A"",
  ""reasoning"": ""First, I'll look at the question: 'Which would likely lessen the impact of climate change the most?' I know climate change is generally bad for the planet. Now I'll look at the options. Choice B (hurricanes), Choice C (tsunamis), and Choice D (wildfires) are all natural disasters. I know that these things cause a lot of damage and destruction, so it doesn't make sense that a disaster would 'lessen' the impact of another problem like climate change. In fact, I've heard that climate change might even make hurricanes worse. That leaves Choice A: Earth Day. I know Earth Day is when people do things to help the environment, like planting trees or picking up litter. Since that's the only option that involves people trying to do something positive for the Earth, it must be the correct answer, even though I don't know the specific scientific way that celebrating a day helps stop the climate from changing."",
  ""confidence"": 0.8
}
```"
14-614,2,Strategy A,A,"I'm not really sure how the climate works, but I know that hurricanes, tsunamis, and wildfires are all scary disasters that cause a lot of damage and hurt people. Earth Day is a day where people do nice things for the planet, like picking up trash or planting trees. Since the question asks what would 'lessen' the impact, it makes the most sense to pick the only thing on the list that is meant to be helpful.",0.8,A,"```json
{
  ""answer"": ""A"",
  ""reasoning"": ""I'm not really sure how the climate works, but I know that hurricanes, tsunamis, and wildfires are all scary disasters that cause a lot of damage and hurt people. Earth Day is a day where people do nice things for the planet, like picking up trash or planting trees. Since the question asks what would 'lessen' the impact, it makes the most sense to pick the only thing on the list that is meant to be helpful."",
  ""confidence"": 0.8
}
```"
14-614,2,Strategy B,A,"First, I need to figure out what would 'lessen the impact of climate change.' I know climate change is generally a bad thing for the planet. Now I'll look at the options. Option B is hurricanes, Option C is tsunamis, and Option D is wildfires. All three of those are natural disasters that cause a lot of destruction and death. It doesn't make sense that a disaster like a hurricane or a wildfire would 'lessen' the impact of climate change; if anything, they seem like they would make things worse or are maybe caused by climate change. That leaves Option A: Earth Day. I know Earth Day is a day where people celebrate the planet and talk about protecting the environment. I'm not exactly sure how a single day of celebration actually stops the global climate from changing, but since it's the only positive thing on the list and the other three are disasters, it must be the right answer. It's the only one that sounds like it's trying to help the Earth.",0.7,A,"```json
{
  ""answer"": ""A"",
  ""reasoning"": ""First, I need to figure out what would 'lessen the impact of climate change.' I know climate change is generally a bad thing for the planet. Now I'll look at the options. Option B is hurricanes, Option C is tsunamis, and Option D is wildfires. All three of those are natural disasters that cause a lot of destruction and death. It doesn't make sense that a disaster like a hurricane or a wildfire would 'lessen' the impact of climate change; if anything, they seem like they would make things worse or are maybe caused by climate change. That leaves Option A: Earth Day. I know Earth Day is a day where people celebrate the planet and talk about protecting the environment. I'm not exactly sure how a single day of celebration actually stops the global climate from changing, but since it's the only positive thing on the list and the other three are disasters, it must be the right answer. It's the only one that sounds like it's trying to help the Earth."",
  ""confidence"": 0.7
}
```"
14-614,3,Strategy A,A,"I'm not exactly sure what 'climate change' is, but it sounds like something bad happening to the world. Looking at the choices, hurricanes, tsunamis, and wildfires are all scary disasters that destroy homes and hurt people, so they wouldn't help make things better. Earth Day is a day when people do nice things for the planet, like picking up litter or planting trees, so that seems like the only choice that is actually trying to help the Earth.",0.7,A,"```json
{
  ""answer"": ""A"",
  ""reasoning"": ""I'm not exactly sure what 'climate change' is, but it sounds like something bad happening to the world. Looking at the choices, hurricanes, tsunamis, and wildfires are all scary disasters that destroy homes and hurt people, so they wouldn't help make things better. Earth Day is a day when people do nice things for the planet, like picking up litter or planting trees, so that seems like the only choice that is actually trying to help the Earth."",
  ""confidence"": 0.7
}
```"
14-614,3,Strategy B,A,"First, I need to figure out what 'lessen the impact of climate change' means. I know climate change is generally considered a bad thing for the planet, so 'lessening the impact' must mean doing something that helps the Earth or makes the situation better. Now I'll look at the choices. Choice B (hurricanes), Choice C (tsunamis), and Choice D (wildfires) are all natural disasters. I know from basic science that these events cause a lot of destruction, kill people, and destroy forests. It doesn't make sense that a disaster would 'lessen' a problem; usually, they make things worse. That leaves Choice A: Earth Day. I've heard of Earth Day—it's when people plant trees, pick up litter, and talk about protecting nature. Since Earth Day is a positive event meant to help the environment, and the other three options are scary disasters, Earth Day is the only one that seems like it would have a positive effect on the planet. I don't exactly know how it stops climate change, but it's the only 'good' thing on the list.",0.8,A,"```json
{
  ""answer"": ""A"",
  ""reasoning"": ""First, I need to figure out what 'lessen the impact of climate change' means. I know climate change is generally considered a bad thing for the planet, so 'lessening the impact' must mean doing something that helps the Earth or makes the situation better. Now I'll look at the choices. Choice B (hurricanes), Choice C (tsunamis), and Choice D (wildfires) are all natural disasters. I know from basic science that these events cause a lot of destruction, kill people, and destroy forests. It doesn't make sense that a disaster would 'lessen' a problem; usually, they make things worse. That leaves Choice A: Earth Day. I've heard of Earth Day—it's when people plant trees, pick up litter, and talk about protecting nature. Since Earth Day is a positive event meant to help the environment, and the other three options are scary disasters, Earth Day is the only one that seems like it would have a positive effect on the planet. I don't exactly know how it stops climate change, but it's the only 'good' thing on the list."",
  ""confidence"": 0.8
}
```"
